<?xml version='1.0' encoding='UTF-8'?>

<!DOCTYPE properties SYSTEM 'http://java.sun.com/dtd/properties.dtd'>

<properties>

    <entry key='config.default'>./setup/default.xml</entry>

    <entry key='web.path'>./traccar-web/web</entry>
    <entry key='web.debug'>true</entry>
    <entry key='web.console'>true</entry>

    <entry key='geocoder.enable'>false</entry>
    <entry key='geocoder.type'>ban</entry>

    <entry key='logger.console'>true</entry>

    <entry key='database.driver'>org.postgresql.Driver</entry>
    <entry key='database.url'>jdbc:postgresql://127.0.0.1:5432/traccar</entry>
    <entry key='database.user'>postgres</entry>
    <entry key='database.password'>123456</entry>

    <entry key='atrack.custom'>true</entry>
    <entry key='notificator.whatsapp.url'>http://192.168.0.11:8083/sendText</entry>
    
    <entry key='notificator.types'>web,mail,whatsapp</entry>
</properties>
